[{"_id":1,"name":"Celine Chomley"},
{"_id":2,"name":"Ahmed Dupre"},
{"_id":3,"name":"Peder Kealy"},
{"_id":4,"name":"Kippie Metham"},
{"_id":5,"name":"Hali Trimnell"},
{"_id":6,"name":"Teri Tremblay"},
{"_id":7,"name":"Joletta Osant"},
{"_id":8,"name":"Cale De Lasci"},
{"_id":9,"name":"Moe Whitmore"},
{"_id":10,"name":"Sara-ann Giovanardi"},
{"_id":11,"name":"Bari Martusewicz"},
{"_id":12,"name":"Joye Jull"},
{"_id":13,"name":"Adeline D'Onise"},
{"_id":14,"name":"Dennet Moultrie"},
{"_id":15,"name":"Mickey Brosoli"},
{"_id":16,"name":"Jasper Thing"},
{"_id":17,"name":"Quintina Castangia"},
{"_id":18,"name":"Vincents Wardall"},
{"_id":19,"name":"Ardine Yurinov"},
{"_id":20,"name":"Joellen Brookwell"},
{"_id":21,"name":"Constantino Inch"},
{"_id":22,"name":"Jolee Ackred"},
{"_id":23,"name":"Gail Torbet"},
{"_id":24,"name":"Eileen Proger"},
{"_id":25,"name":"Henri Jachtym"},
{"_id":26,"name":"Darn Pea"},
{"_id":27,"name":"Reina Cokly"},
{"_id":28,"name":"Kip Jikovsky"},
{"_id":29,"name":"Vite Bunstone"},
{"_id":30,"name":"Juanita Breawood"},
{"_id":31,"name":"Jerrome Adolf"},
{"_id":32,"name":"Mateo Connichie"},
{"_id":33,"name":"Waylon Le Cornu"},
{"_id":34,"name":"Patsy Preuvost"},
{"_id":35,"name":"Ermin Meldrum"},
{"_id":36,"name":"Leontine Boumphrey"},
{"_id":37,"name":"Giacobo Bondy"},
{"_id":38,"name":"Parker Bartalot"},
{"_id":39,"name":"Jephthah Cottam"},
{"_id":40,"name":"Sena Heinz"},
{"_id":41,"name":"Ozzie Gudgen"},
{"_id":42,"name":"Agata Shrubshall"},
{"_id":43,"name":"Vale Laux"},
{"_id":44,"name":"Elvera Gyrgorcewicx"},
{"_id":45,"name":"Daisy Weaver"},
{"_id":46,"name":"Sarah Gainforth"},
{"_id":47,"name":"Trina Limbrick"},
{"_id":48,"name":"Briana Jellico"},
{"_id":49,"name":"Crissy Pedroni"},
{"_id":50,"name":"Farrand Weiss"}]