[
    {
        "_id": 1,
        "title": "Shufflebeat",
        "description": "Toxic effect of fluorine gas and hydrogen fluoride, accidental (unintentional), sequela",
        "pages": 362,
        "qty": 2,
        "img": "http://dummyimage.com/230x100.png/ff4444/ffffff",
        "author": {
            "_id": 48,
            "name": "Nikolai Vale"
        }
    },
    {
        "_id": 2,
        "title": "Realbridge",
        "description": "Malignant neoplasm of external upper lip",
        "pages": 785,
        "qty": 5,
        "img": "http://dummyimage.com/111x100.png/cc0000/ffffff",
        "author": {
            "_id": 42,
            "name": "Marla Esmond"
        }
    },
    {
        "_id": 3,
        "title": "Roomm",
        "description": "Other congenital malformations of tricuspid valve",
        "pages": 842,
        "qty": 6,
        "img": "http://dummyimage.com/200x100.png/dddddd/000000",
        "author": {
            "_id": 31,
            "name": "Emily Rottger"
        }
    },
    {
        "_id": 4,
        "title": "Babbleset",
        "description": "Other fracture of shaft of left humerus",
        "pages": 389,
        "qty": 9,
        "img": "http://dummyimage.com/197x100.png/ff4444/ffffff",
        "author": {
            "_id": 34,
            "name": "Consalve Bracegirdle"
        }
    },
    {
        "_id": 5,
        "title": "Ailane",
        "description": "Neutropenia, unspecified",
        "pages": 467,
        "qty": 9,
        "img": "http://dummyimage.com/216x100.png/5fa2dd/ffffff",
        "author": {
            "_id": 3,
            "name": "Esteban Bowdidge"
        }
    },
    {
        "_id": 6,
        "title": "Einti",
        "description": "Jumping or diving into other water striking wall causing other injury, initial encounter",
        "pages": 263,
        "qty": 7,
        "img": "http://dummyimage.com/107x100.png/ff4444/ffffff",
        "author": {
            "_id": 21,
            "name": "Jacquelynn Brammer"
        }
    },
    {
        "_id": 7,
        "title": "Gabtune",
        "description": "Benign neoplasm of larynx",
        "pages": 902,
        "qty": 4,
        "img": "http://dummyimage.com/189x100.png/cc0000/ffffff",
        "author": {
            "_id": 40,
            "name": "Jilleen Ummfrey"
        }
    },
    {
        "_id": 8,
        "title": "Skyvu",
        "description": "Acquired absence of left hip joint",
        "pages": 195,
        "qty": 7,
        "img": "http://dummyimage.com/129x100.png/5fa2dd/ffffff",
        "author": {
            "_id": 8,
            "name": "Thomasine Ortelt"
        }
    },
    {
        "_id": 9,
        "title": "Tagcat",
        "description": "Anterior dislocation of right humerus, subsequent encounter",
        "pages": 970,
        "qty": 6,
        "img": "http://dummyimage.com/235x100.png/dddddd/000000",
        "author": {
            "_id": 22,
            "name": "Leia Tregale"
        }
    },
    {
        "_id": 10,
        "title": "Brainverse",
        "description": "Poisoning by unspecified psychodysleptics [hallucinogens], accidental (unintentional), initial encounter",
        "pages": 634,
        "qty": 5,
        "img": "http://dummyimage.com/213x100.png/dddddd/000000",
        "author": {
            "_id": 1,
            "name": "Georgeanna Clibbery"
        }
    },
    {
        "_id": 11,
        "title": "Topdrive",
        "description": "Fall into other water striking bottom causing drowning and submersion, initial encounter",
        "pages": 315,
        "qty": 9,
        "img": "http://dummyimage.com/141x100.png/ff4444/ffffff",
        "author": {
            "_id": 46,
            "name": "Gaven Titley"
        }
    },
    {
        "_id": 12,
        "title": "Kaymbo",
        "description": "Complete traumatic metacarpophalangeal amputation of thumb",
        "pages": 456,
        "qty": 3,
        "img": "http://dummyimage.com/211x100.png/dddddd/000000",
        "author": {
            "_id": 13,
            "name": "Lloyd Meeus"
        }
    },
    {
        "_id": 13,
        "title": "Yakijo",
        "description": "Unspecified open wound of scalp, initial encounter",
        "pages": 815,
        "qty": 7,
        "img": "http://dummyimage.com/176x100.png/5fa2dd/ffffff",
        "author": {
            "_id": 38,
            "name": "Augusto Bonham"
        }
    },
    {
        "_id": 14,
        "title": "Bubbletube",
        "description": "Displaced supracondylar fracture with intracondylar extension of lower end of right femur, subsequent encounter for open fracture type I or II with delayed healing",
        "pages": 783,
        "qty": 3,
        "img": "http://dummyimage.com/190x100.png/ff4444/ffffff",
        "author": {
            "_id": 23,
            "name": "Bartholomeo Harrap"
        }
    },
    {
        "_id": 15,
        "title": "Demivee",
        "description": "Toxic effect of benzene, undetermined, initial encounter",
        "pages": 655,
        "qty": 9,
        "img": "http://dummyimage.com/215x100.png/cc0000/ffffff",
        "author": {
            "_id": 22,
            "name": "Ely Aylward"
        }
    },
    {
        "_id": 16,
        "title": "Vipe",
        "description": "Abrasion of other finger, sequela",
        "pages": 712,
        "qty": 3,
        "img": "http://dummyimage.com/118x100.png/ff4444/ffffff",
        "author": {
            "_id": 4,
            "name": "Carroll Moorhead"
        }
    },
    {
        "_id": 17,
        "title": "Snaptags",
        "description": "Poisoning by other systemic antibiotics, intentional self-harm, sequela",
        "pages": 913,
        "qty": 6,
        "img": "http://dummyimage.com/174x100.png/5fa2dd/ffffff",
        "author": {
            "_id": 36,
            "name": "Esme Tangye"
        }
    },
    {
        "_id": 18,
        "title": "Kare",
        "description": "Laceration of fallopian tube, bilateral",
        "pages": 841,
        "qty": 5,
        "img": "http://dummyimage.com/152x100.png/5fa2dd/ffffff",
        "author": {
            "_id": 3,
            "name": "Barron Razzell"
        }
    },
    {
        "_id": 19,
        "title": "Flipbug",
        "description": "Intentional self-harm by hot tap water",
        "pages": 950,
        "qty": 7,
        "img": "http://dummyimage.com/207x100.png/5fa2dd/ffffff",
        "author": {
            "_id": 9,
            "name": "Desmond Cafferty"
        }
    },
    {
        "_id": 20,
        "title": "Tagtune",
        "description": "Fracture of unspecified part of left clavicle, sequela",
        "pages": 391,
        "qty": 6,
        "img": "http://dummyimage.com/215x100.png/cc0000/ffffff",
        "author": {
            "_id": 13,
            "name": "Frasier St Angel"
        }
    },
    {
        "_id": 21,
        "title": "Babbleblab",
        "description": "Injury of urinary and pelvic organs",
        "pages": 817,
        "qty": 5,
        "img": "http://dummyimage.com/220x100.png/dddddd/000000",
        "author": {
            "_id": 24,
            "name": "Lindsay Grahl"
        }
    },
    {
        "_id": 22,
        "title": "Roombo",
        "description": "Injury of pleura",
        "pages": 119,
        "qty": 3,
        "img": "http://dummyimage.com/110x100.png/5fa2dd/ffffff",
        "author": {
            "_id": 2,
            "name": "Pen MacNish"
        }
    },
    {
        "_id": 23,
        "title": "Realcube",
        "description": "Hypertrophy of bone, left ulna",
        "pages": 968,
        "qty": 5,
        "img": "http://dummyimage.com/195x100.png/cc0000/ffffff",
        "author": {
            "_id": 29,
            "name": "Hillard McElane"
        }
    },
    {
        "_id": 24,
        "title": "Pixope",
        "description": "Other injury of flexor muscle, fascia and tendon of left little finger at forearm level, initial encounter",
        "pages": 128,
        "qty": 1,
        "img": "http://dummyimage.com/142x100.png/ff4444/ffffff",
        "author": {
            "_id": 49,
            "name": "Aubrey Baldacchino"
        }
    },
    {
        "_id": 25,
        "title": "Wordify",
        "description": "Unspecified fracture of talus",
        "pages": 732,
        "qty": 8,
        "img": "http://dummyimage.com/198x100.png/cc0000/ffffff",
        "author": {
            "_id": 32,
            "name": "Marie-ann Asprey"
        }
    },
    {
        "_id": 26,
        "title": "Babbleblab",
        "description": "Gastritis and duodenitis",
        "pages": 177,
        "qty": 4,
        "img": "http://dummyimage.com/200x100.png/cc0000/ffffff",
        "author": {
            "_id": 24,
            "name": "Jojo Lamberth"
        }
    },
    {
        "_id": 27,
        "title": "Kaymbo",
        "description": "Nondisplaced oblique fracture of shaft of left radius",
        "pages": 426,
        "qty": 5,
        "img": "http://dummyimage.com/136x100.png/5fa2dd/ffffff",
        "author": {
            "_id": 29,
            "name": "Emelen Hutchens"
        }
    },
    {
        "_id": 28,
        "title": "DabZ",
        "description": "Fear of injury",
        "pages": 813,
        "qty": 8,
        "img": "http://dummyimage.com/163x100.png/dddddd/000000",
        "author": {
            "_id": 18,
            "name": "Winny Greatbanks"
        }
    },
    {
        "_id": 29,
        "title": "Wikizz",
        "description": "Nondisplaced fracture of anterior wall of left acetabulum, sequela",
        "pages": 671,
        "qty": 1,
        "img": "http://dummyimage.com/231x100.png/cc0000/ffffff",
        "author": {
            "_id": 39,
            "name": "Cordell Lettley"
        }
    },
    {
        "_id": 30,
        "title": "Photofeed",
        "description": "Displaced fracture of epiphysis (separation) (upper) of left femur, initial encounter for closed fracture",
        "pages": 405,
        "qty": 6,
        "img": "http://dummyimage.com/131x100.png/5fa2dd/ffffff",
        "author": {
            "_id": 24,
            "name": "Erminia Yarnall"
        }
    },
    {
        "_id": 31,
        "title": "Jabbersphere",
        "description": "Primary lacrimal gland atrophy, left lacrimal gland",
        "pages": 391,
        "qty": 10,
        "img": "http://dummyimage.com/115x100.png/cc0000/ffffff",
        "author": {
            "_id": 39,
            "name": "Lorenza Snedker"
        }
    },
    {
        "_id": 32,
        "title": "Midel",
        "description": "Disproportion of reconstructed breast",
        "pages": 745,
        "qty": 4,
        "img": "http://dummyimage.com/124x100.png/cc0000/ffffff",
        "author": {
            "_id": 14,
            "name": "Giacinta Spowage"
        }
    },
    {
        "_id": 33,
        "title": "Flashset",
        "description": "Unspecified car occupant injured in collision with other motor vehicles in traffic accident",
        "pages": 672,
        "qty": 5,
        "img": "http://dummyimage.com/149x100.png/cc0000/ffffff",
        "author": {
            "_id": 28,
            "name": "Tabatha Kezor"
        }
    },
    {
        "_id": 34,
        "title": "Tagopia",
        "description": "Other infective spondylopathies, cervicothoracic region",
        "pages": 259,
        "qty": 7,
        "img": "http://dummyimage.com/199x100.png/ff4444/ffffff",
        "author": {
            "_id": 5,
            "name": "Ebenezer Pottberry"
        }
    },
    {
        "_id": 35,
        "title": "Devshare",
        "description": "Nondisplaced fracture of cuboid bone of right foot, sequela",
        "pages": 952,
        "qty": 5,
        "img": "http://dummyimage.com/193x100.png/5fa2dd/ffffff",
        "author": {
            "_id": 48,
            "name": "Dunstan Schollar"
        }
    },
    {
        "_id": 36,
        "title": "Yoveo",
        "description": "Fracture of condylar process of left mandible, subsequent encounter for fracture with nonunion",
        "pages": 814,
        "qty": 1,
        "img": "http://dummyimage.com/105x100.png/ff4444/ffffff",
        "author": {
            "_id": 19,
            "name": "Nikki Kybbye"
        }
    },
    {
        "_id": 37,
        "title": "Realbuzz",
        "description": "Unspecified injury of left renal vein, initial encounter",
        "pages": 275,
        "qty": 4,
        "img": "http://dummyimage.com/129x100.png/cc0000/ffffff",
        "author": {
            "_id": 43,
            "name": "Alyce Croneen"
        }
    },
    {
        "_id": 38,
        "title": "Voomm",
        "description": "Complete traumatic amputation at knee level, right lower leg, initial encounter",
        "pages": 766,
        "qty": 3,
        "img": "http://dummyimage.com/124x100.png/ff4444/ffffff",
        "author": {
            "_id": 34,
            "name": "Morganne Luck"
        }
    },
    {
        "_id": 39,
        "title": "Kwimbee",
        "description": "Crushing injury of right ring finger, initial encounter",
        "pages": 613,
        "qty": 3,
        "img": "http://dummyimage.com/211x100.png/ff4444/ffffff",
        "author": {
            "_id": 14,
            "name": "Nyssa Cutress"
        }
    },
    {
        "_id": 40,
        "title": "Realcube",
        "description": "Central cord syndrome at unspecified level of cervical spinal cord",
        "pages": 564,
        "qty": 9,
        "img": "http://dummyimage.com/103x100.png/dddddd/000000",
        "author": {
            "_id": 21,
            "name": "Arlen Boneham"
        }
    },
    {
        "_id": 41,
        "title": "Kimia",
        "description": "Unspecified pedal cyclist injured in noncollision transport accident in traffic accident, initial encounter",
        "pages": 904,
        "qty": 9,
        "img": "http://dummyimage.com/234x100.png/dddddd/000000",
        "author": {
            "_id": 23,
            "name": "Jedd Gladwin"
        }
    },
    {
        "_id": 42,
        "title": "Camido",
        "description": "Contusion and laceration of left cerebrum with loss of consciousness of unspecified duration, subsequent encounter",
        "pages": 645,
        "qty": 5,
        "img": "http://dummyimage.com/131x100.png/dddddd/000000",
        "author": {
            "_id": 7,
            "name": "Harley Yushankin"
        }
    },
    {
        "_id": 43,
        "title": "Rhynoodle",
        "description": "Cerebral infarction due to thrombosis of unspecified anterior cerebral artery",
        "pages": 418,
        "qty": 8,
        "img": "http://dummyimage.com/171x100.png/dddddd/000000",
        "author": {
            "_id": 11,
            "name": "Nicol Clubley"
        }
    },
    {
        "_id": 44,
        "title": "Zoozzy",
        "description": "Disorders of vagus nerve",
        "pages": 508,
        "qty": 10,
        "img": "http://dummyimage.com/127x100.png/ff4444/ffffff",
        "author": {
            "_id": 23,
            "name": "Eward Puckring"
        }
    },
    {
        "_id": 45,
        "title": "Zoomzone",
        "description": "Strain of unspecified muscle(s) and tendon(s) at lower leg level, unspecified leg, initial encounter",
        "pages": 781,
        "qty": 1,
        "img": "http://dummyimage.com/166x100.png/dddddd/000000",
        "author": {
            "_id": 30,
            "name": "Nicola Kneal"
        }
    },
    {
        "_id": 46,
        "title": "Browsecat",
        "description": "Stiffness of unspecified joint, not elsewhere classified",
        "pages": 206,
        "qty": 9,
        "img": "http://dummyimage.com/151x100.png/dddddd/000000",
        "author": {
            "_id": 5,
            "name": "Libbie Howcroft"
        }
    },
    {
        "_id": 47,
        "title": "Chatterpoint",
        "description": "Animal-rider injured by fall from or being thrown from other animal in noncollision accident, subsequent encounter",
        "pages": 487,
        "qty": 8,
        "img": "http://dummyimage.com/222x100.png/dddddd/000000",
        "author": {
            "_id": 37,
            "name": "Drake Tomala"
        }
    },
    {
        "_id": 48,
        "title": "Digitube",
        "description": "Rheumatoid lung disease with rheumatoid arthritis of right hip",
        "pages": 795,
        "qty": 6,
        "img": "http://dummyimage.com/151x100.png/dddddd/000000",
        "author": {
            "_id": 21,
            "name": "Julie Sterke"
        }
    },
    {
        "_id": 49,
        "title": "Realpoint",
        "description": "Other superficial bite, right lower leg, subsequent encounter",
        "pages": 165,
        "qty": 4,
        "img": "http://dummyimage.com/160x100.png/dddddd/000000",
        "author": {
            "_id": 20,
            "name": "Lorena Hotton"
        }
    },
    {
        "_id": 50,
        "title": "Brightbean",
        "description": "Unspecified physeal fracture of left calcaneus, subsequent encounter for fracture with malunion",
        "pages": 232,
        "qty": 6,
        "img": "http://dummyimage.com/113x100.png/dddddd/000000",
        "author": {
            "_id": 13,
            "name": "Geoff Bowling"
        }
    }
]