[{"_id":1,"firstName":"Andrus","middleName":"Giuseppe","lastName":"Bavin","mobileNo":"3819314687","eid":"E1","img":"http://dummyimage.com/184x100.png/5fa2dd/ffffff"},
{"_id":2,"firstName":"Marcela","middleName":"Bert","lastName":"Saundercock","mobileNo":"6411879834","eid":"E2","img":"http://dummyimage.com/191x100.png/dddddd/000000"},
{"_id":3,"firstName":"Barbi","middleName":"Hewett","lastName":"Grebner","mobileNo":"6289803328","eid":"E3","img":"http://dummyimage.com/212x100.png/dddddd/000000"},
{"_id":4,"firstName":"Marinna","middleName":"Paulo","lastName":"Yanshin","mobileNo":"0788930869","eid":"E4","img":"http://dummyimage.com/145x100.png/ff4444/ffffff"},
{"_id":5,"firstName":"Donielle","middleName":"Yorke","lastName":"Marages","mobileNo":"8705447852","eid":"E5","img":"http://dummyimage.com/219x100.png/5fa2dd/ffffff"},
{"_id":6,"firstName":"Bald","middleName":"Weston","lastName":"Isakovic","mobileNo":"7834717995","eid":"E6","img":"http://dummyimage.com/147x100.png/dddddd/000000"},
{"_id":7,"firstName":"Lindsey","middleName":"Blayne","lastName":"Jessep","mobileNo":"6336921891","eid":"E7","img":"http://dummyimage.com/201x100.png/dddddd/000000"},
{"_id":8,"firstName":"Prisca","middleName":"Harlan","lastName":"Mair","mobileNo":"4035876321","eid":"E8","img":"http://dummyimage.com/128x100.png/ff4444/ffffff"},
{"_id":9,"firstName":"Edythe","middleName":"Gerrie","lastName":"Riccardi","mobileNo":"1819662438","eid":"E9","img":"http://dummyimage.com/103x100.png/dddddd/000000"},
{"_id":10,"firstName":"Gwendolen","middleName":"Clywd","lastName":"Colebrook","mobileNo":"7429208150","eid":"E10","img":"http://dummyimage.com/152x100.png/cc0000/ffffff"},
{"_id":11,"firstName":"Tasha","middleName":"Baillie","lastName":"Goodee","mobileNo":"1495785947","eid":"E11","img":"http://dummyimage.com/128x100.png/cc0000/ffffff"},
{"_id":12,"firstName":"Anica","middleName":"Matias","lastName":"Lissenden","mobileNo":"0743738012","eid":"E12","img":"http://dummyimage.com/101x100.png/cc0000/ffffff"},
{"_id":13,"firstName":"Athena","middleName":"Khalil","lastName":"Poulgreen","mobileNo":"9167308422","eid":"E13","img":"http://dummyimage.com/126x100.png/dddddd/000000"},
{"_id":14,"firstName":"Delmore","middleName":"Nickey","lastName":"Wiffen","mobileNo":"4545935656","eid":"E14","img":"http://dummyimage.com/188x100.png/5fa2dd/ffffff"},
{"_id":15,"firstName":"Bernardine","middleName":"Urbanus","lastName":"Sibray","mobileNo":"3742122053","eid":"E15","img":"http://dummyimage.com/146x100.png/ff4444/ffffff"},
{"_id":16,"firstName":"Travis","middleName":"Vic","lastName":"Blazejewski","mobileNo":"9560427725","eid":"E16","img":"http://dummyimage.com/181x100.png/5fa2dd/ffffff"},
{"_id":17,"firstName":"Berkie","middleName":"Gannie","lastName":"Boynes","mobileNo":"5338517906","eid":"E17","img":"http://dummyimage.com/243x100.png/ff4444/ffffff"},
{"_id":18,"firstName":"Keslie","middleName":"Elvis","lastName":"Ead","mobileNo":"3897524015","eid":"E18","img":"http://dummyimage.com/239x100.png/cc0000/ffffff"},
{"_id":19,"firstName":"Selestina","middleName":"Ody","lastName":"Winslet","mobileNo":"3387661908","eid":"E19","img":"http://dummyimage.com/201x100.png/cc0000/ffffff"},
{"_id":20,"firstName":"Dex","middleName":"Nolan","lastName":"Stampfer","mobileNo":"9775365066","eid":"E20","img":"http://dummyimage.com/138x100.png/dddddd/000000"}]