[{"_id":1,"member":{"_id":16,"name":"Devan Kernock"},"book":{"_id":45,"title":"Voonyx"},"issueDate":"2023-02-14","returnDate":"2023-02-24"},
{"_id":2,"member":{"_id":13,"name":"Mirella Woodsford"},"book":{"_id":30,"title":"Vimbo"},"issueDate":"2022-12-30","returnDate":"2023-01-09"},
{"_id":3,"member":{"_id":45,"name":"Rowe Maypole"},"book":{"_id":33,"title":"Photojam"},"issueDate":"2023-02-04","returnDate":"2023-02-14"},
{"_id":4,"member":{"_id":47,"name":"Levy Bryan"},"book":{"_id":2,"title":"Avamm"},"issueDate":"2023-02-20","returnDate":"2023-03-02"},
{"_id":5,"member":{"_id":28,"name":"Zeke Imlach"},"book":{"_id":15,"title":"Skippad"},"issueDate":"2023-02-17","returnDate":"2023-02-27"},
{"_id":6,"member":{"_id":2,"name":"Ema Tomicki"},"book":{"_id":37,"title":"Agivu"},"issueDate":"2022-03-30","returnDate":"2022-04-09"},
{"_id":7,"member":{"_id":7,"name":"Caron Katz"},"book":{"_id":8,"title":"Edgeclub"},"issueDate":"2022-08-31","returnDate":"2022-09-10"},
{"_id":8,"member":{"_id":31,"name":"Kellsie Snyder"},"book":{"_id":6,"title":"Tagfeed"},"issueDate":"2022-05-22","returnDate":"2022-06-01"},
{"_id":9,"member":{"_id":29,"name":"Ailey Hurcombe"},"book":{"_id":45,"title":"Skinix"},"issueDate":"2022-06-28","returnDate":"2022-07-08"},
{"_id":10,"member":{"_id":30,"name":"Sterne Abisetti"},"book":{"_id":27,"title":"Avaveo"},"issueDate":"2022-07-21","returnDate":"2022-07-31"},
{"_id":11,"member":{"_id":5,"name":"Gusella Tournay"},"book":{"_id":26,"title":"Skyba"},"issueDate":"2022-06-12","returnDate":"2022-06-22"},
{"_id":12,"member":{"_id":43,"name":"Phaidra Balke"},"book":{"_id":28,"title":"Thoughtbeat"},"issueDate":"2022-04-23","returnDate":"2022-05-03"},
{"_id":13,"member":{"_id":15,"name":"Eward Beak"},"book":{"_id":4,"title":"Zazio"},"issueDate":"2023-02-13","returnDate":"2023-02-23"},
{"_id":14,"member":{"_id":11,"name":"Shayne Parram"},"book":{"_id":9,"title":"Quinu"},"issueDate":"2022-10-09","returnDate":"2022-10-19"},
{"_id":15,"member":{"_id":48,"name":"Ronnie Girodias"},"book":{"_id":20,"title":"Pixoboo"},"issueDate":"2022-04-25","returnDate":"2022-05-05"},
{"_id":16,"member":{"_id":16,"name":"Orella Mantione"},"book":{"_id":6,"title":"Gigabox"},"issueDate":"2022-09-30","returnDate":"2022-10-10"},
{"_id":17,"member":{"_id":38,"name":"Meggy Punt"},"book":{"_id":33,"title":"BlogXS"},"issueDate":"2022-12-09","returnDate":"2022-12-19"},
{"_id":18,"member":{"_id":48,"name":"Kara Blackmoor"},"book":{"_id":19,"title":"Aibox"},"issueDate":"2022-02-25","returnDate":"2022-03-07"},
{"_id":19,"member":{"_id":33,"name":"Kiri Hawtrey"},"book":{"_id":33,"title":"Twinder"},"issueDate":"2023-02-12","returnDate":"2023-02-22"},
{"_id":20,"member":{"_id":34,"name":"Alan Holdworth"},"book":{"_id":34,"title":"Jaxworks"},"issueDate":"2022-06-07","returnDate":"2022-06-17"},
{"_id":21,"member":{"_id":30,"name":"Hedda Goundry"},"book":{"_id":2,"title":"Pixoboo"},"issueDate":"2022-10-04","returnDate":"2022-10-14"},
{"_id":22,"member":{"_id":21,"name":"Aggi Dawney"},"book":{"_id":41,"title":"Kanoodle"},"issueDate":"2022-06-04","returnDate":"2022-06-14"},
{"_id":23,"member":{"_id":20,"name":"Hinze Imms"},"book":{"_id":8,"title":"Flashpoint"},"issueDate":"2023-01-13","returnDate":"2023-01-23"},
{"_id":24,"member":{"_id":50,"name":"Igor Robberecht"},"book":{"_id":27,"title":"Trudoo"},"issueDate":"2022-07-28","returnDate":"2022-08-07"},
{"_id":25,"member":{"_id":31,"name":"Dewey Pesik"},"book":{"_id":28,"title":"Jaxspan"},"issueDate":"2022-06-19","returnDate":"2022-06-29"},
{"_id":26,"member":{"_id":7,"name":"Louisa Mulles"},"book":{"_id":10,"title":"Geba"},"issueDate":"2023-02-10","returnDate":"2023-02-20"},
{"_id":27,"member":{"_id":36,"name":"Anna-diana Thornton"},"book":{"_id":15,"title":"Divape"},"issueDate":"2022-10-03","returnDate":"2022-10-13"},
{"_id":28,"member":{"_id":37,"name":"Frieda Esbrook"},"book":{"_id":42,"title":"Eidel"},"issueDate":"2022-11-19","returnDate":"2022-11-29"},
{"_id":29,"member":{"_id":23,"name":"Flossie Worgen"},"book":{"_id":5,"title":"Kwilith"},"issueDate":"2023-02-16","returnDate":"2023-02-26"},
{"_id":30,"member":{"_id":27,"name":"Agnes Aronovitz"},"book":{"_id":29,"title":"Skiba"},"issueDate":"2022-06-26","returnDate":"2022-07-06"},
{"_id":31,"member":{"_id":4,"name":"Cecilio Matyja"},"book":{"_id":3,"title":"Skalith"},"issueDate":"2022-12-11","returnDate":"2022-12-21"},
{"_id":32,"member":{"_id":38,"name":"Nixie Kneesha"},"book":{"_id":17,"title":"Jabberstorm"},"issueDate":"2022-03-14","returnDate":"2022-03-24"},
{"_id":33,"member":{"_id":4,"name":"Evelin Carlill"},"book":{"_id":34,"title":"Feednation"},"issueDate":"2022-10-30","returnDate":"2022-11-09"},
{"_id":34,"member":{"_id":7,"name":"Dorey Gloster"},"book":{"_id":42,"title":"Photolist"},"issueDate":"2022-01-31","returnDate":"2022-02-10"},
{"_id":35,"member":{"_id":50,"name":"Leeland Kilty"},"book":{"_id":7,"title":"Skimia"},"issueDate":"2022-10-13","returnDate":"2022-10-23"},
{"_id":36,"member":{"_id":5,"name":"Melloney Worgen"},"book":{"_id":18,"title":"Leexo"},"issueDate":"2022-01-23","returnDate":"2022-02-02"},
{"_id":37,"member":{"_id":32,"name":"Armin Iohananof"},"book":{"_id":32,"title":"Plambee"},"issueDate":"2022-11-01","returnDate":"2022-11-11"},
{"_id":38,"member":{"_id":40,"name":"Ham Markwelley"},"book":{"_id":17,"title":"Shuffledrive"},"issueDate":"2022-05-08","returnDate":"2022-05-18"},
{"_id":39,"member":{"_id":19,"name":"Hewitt Gramer"},"book":{"_id":13,"title":"Thoughtbridge"},"issueDate":"2022-11-03","returnDate":"2022-11-13"},
{"_id":40,"member":{"_id":46,"name":"Nariko Carncross"},"book":{"_id":11,"title":"Livefish"},"issueDate":"2022-03-23","returnDate":"2022-04-02"},
{"_id":41,"member":{"_id":34,"name":"Zonnya Adamou"},"book":{"_id":16,"title":"Zooveo"},"issueDate":"2023-02-24","returnDate":"2023-03-06"},
{"_id":42,"member":{"_id":35,"name":"Glad Rosten"},"book":{"_id":3,"title":"Skimia"},"issueDate":"2022-08-19","returnDate":"2022-08-29"},
{"_id":43,"member":{"_id":45,"name":"Matias Forrington"},"book":{"_id":21,"title":"Oloo"},"issueDate":"2022-06-07","returnDate":"2022-06-17"},
{"_id":44,"member":{"_id":43,"name":"Siana Wooff"},"book":{"_id":3,"title":"Yombu"},"issueDate":"2022-12-13","returnDate":"2022-12-23"},
{"_id":45,"member":{"_id":43,"name":"Godfrey Suddaby"},"book":{"_id":43,"title":"Vidoo"},"issueDate":"2022-11-01","returnDate":"2022-11-11"},
{"_id":46,"member":{"_id":13,"name":"Tiler Instock"},"book":{"_id":30,"title":"Trilia"},"issueDate":"2022-10-01","returnDate":"2022-10-11"},
{"_id":47,"member":{"_id":47,"name":"Vi Lush"},"book":{"_id":30,"title":"Twinte"},"issueDate":"2022-05-17","returnDate":"2022-05-27"},
{"_id":48,"member":{"_id":29,"name":"Arvin Abrahamsen"},"book":{"_id":16,"title":"Topiczoom"},"issueDate":"2023-02-24","returnDate":"2023-03-06"},
{"_id":49,"member":{"_id":3,"name":"Roderigo Trewhella"},"book":{"_id":31,"title":"Edgepulse"},"issueDate":"2022-04-19","returnDate":"2022-04-29"},
{"_id":50,"member":{"_id":50,"name":"Shelia Ivanaev"},"book":{"_id":40,"title":"Quimba"},"issueDate":"2022-01-26","returnDate":"2022-02-05"}]