[{"_id":1,"firstName":"Wandis","middleName":"Garrott","lastName":"Rosenau","mobileNo":"1885770170","img":"http://dummyimage.com/113x100.png/dddddd/000000"},
{"_id":2,"firstName":"Brynne","middleName":"Consalve","lastName":"Enrietto","mobileNo":"4007665222","img":"http://dummyimage.com/188x100.png/ff4444/ffffff"},
{"_id":3,"firstName":"Eldon","middleName":"Bordie","lastName":"Tremontana","mobileNo":"7333577740","img":"http://dummyimage.com/150x100.png/ff4444/ffffff"},
{"_id":4,"firstName":"Babara","middleName":"Brod","lastName":"Letson","mobileNo":"6734948730","img":"http://dummyimage.com/140x100.png/5fa2dd/ffffff"},
{"_id":5,"firstName":"Hannie","middleName":"Jeromy","lastName":"Bydaway","mobileNo":"6318942068","img":"http://dummyimage.com/152x100.png/5fa2dd/ffffff"},
{"_id":6,"firstName":"Pandora","middleName":"Davide","lastName":"Searle","mobileNo":"7462943131","img":"http://dummyimage.com/202x100.png/ff4444/ffffff"},
{"_id":7,"firstName":"Arturo","middleName":"Raff","lastName":"Knotton","mobileNo":"2485817324","img":"http://dummyimage.com/247x100.png/5fa2dd/ffffff"},
{"_id":8,"firstName":"Kristian","middleName":"Adriano","lastName":"Meaker","mobileNo":"4037368552","img":"http://dummyimage.com/103x100.png/ff4444/ffffff"},
{"_id":9,"firstName":"Donna","middleName":"Isiahi","lastName":"Metheringham","mobileNo":"2947108574","img":"http://dummyimage.com/167x100.png/5fa2dd/ffffff"},
{"_id":10,"firstName":"Nickolas","middleName":"Hayden","lastName":"Muck","mobileNo":"5954521174","img":"http://dummyimage.com/213x100.png/ff4444/ffffff"},
{"_id":11,"firstName":"Doe","middleName":"Darrin","lastName":"Wilman","mobileNo":"9709080792","img":"http://dummyimage.com/164x100.png/cc0000/ffffff"},
{"_id":12,"firstName":"Karylin","middleName":"Archibold","lastName":"Ingall","mobileNo":"7321106330","img":"http://dummyimage.com/164x100.png/ff4444/ffffff"},
{"_id":13,"firstName":"Kaye","middleName":"Dietrich","lastName":"Tinan","mobileNo":"6198053873","img":"http://dummyimage.com/241x100.png/ff4444/ffffff"},
{"_id":14,"firstName":"Base","middleName":"Levey","lastName":"Corness","mobileNo":"0797094741","img":"http://dummyimage.com/160x100.png/cc0000/ffffff"},
{"_id":15,"firstName":"Melantha","middleName":"Denny","lastName":"Thame","mobileNo":"7107145584","img":"http://dummyimage.com/193x100.png/5fa2dd/ffffff"},
{"_id":16,"firstName":"Symon","middleName":"Anselm","lastName":"Ollive","mobileNo":"2707937894","img":"http://dummyimage.com/152x100.png/ff4444/ffffff"},
{"_id":17,"firstName":"Guenna","middleName":"Andre","lastName":"Bollam","mobileNo":"3356161296","img":"http://dummyimage.com/153x100.png/5fa2dd/ffffff"},
{"_id":18,"firstName":"Reagan","middleName":"Randie","lastName":"Scroggs","mobileNo":"8558955999","img":"http://dummyimage.com/114x100.png/cc0000/ffffff"},
{"_id":19,"firstName":"Flory","middleName":"Fabe","lastName":"O'Shesnan","mobileNo":"6315285546","img":"http://dummyimage.com/209x100.png/5fa2dd/ffffff"},
{"_id":20,"firstName":"Peyton","middleName":"Darwin","lastName":"Liggons","mobileNo":"0662680022","img":"http://dummyimage.com/104x100.png/5fa2dd/ffffff"},
{"_id":21,"firstName":"Towney","middleName":"Jacky","lastName":"Wastling","mobileNo":"6098761302","img":"http://dummyimage.com/162x100.png/dddddd/000000"},
{"_id":22,"firstName":"Sandro","middleName":"Hamil","lastName":"Bleddon","mobileNo":"2659668116","img":"http://dummyimage.com/215x100.png/5fa2dd/ffffff"},
{"_id":23,"firstName":"Red","middleName":"Stephen","lastName":"Reece","mobileNo":"2352494737","img":"http://dummyimage.com/243x100.png/dddddd/000000"},
{"_id":24,"firstName":"Maia","middleName":"Rollo","lastName":"Orae","mobileNo":"7741982885","img":"http://dummyimage.com/243x100.png/dddddd/000000"},
{"_id":25,"firstName":"Lebbie","middleName":"Abelard","lastName":"Lyven","mobileNo":"1890789445","img":"http://dummyimage.com/154x100.png/dddddd/000000"},
{"_id":26,"firstName":"Derron","middleName":"Oates","lastName":"Scolts","mobileNo":"2533254266","img":"http://dummyimage.com/140x100.png/ff4444/ffffff"},
{"_id":27,"firstName":"Verge","middleName":"Garth","lastName":"Terran","mobileNo":"8864863249","img":"http://dummyimage.com/134x100.png/dddddd/000000"},
{"_id":28,"firstName":"Leda","middleName":"Grove","lastName":"July","mobileNo":"4704155927","img":"http://dummyimage.com/176x100.png/5fa2dd/ffffff"},
{"_id":29,"firstName":"Luisa","middleName":"Traver","lastName":"Walstow","mobileNo":"8038443136","img":"http://dummyimage.com/176x100.png/cc0000/ffffff"},
{"_id":30,"firstName":"Natal","middleName":"Laurent","lastName":"Gladtbach","mobileNo":"6092776103","img":"http://dummyimage.com/182x100.png/cc0000/ffffff"},
{"_id":31,"firstName":"Saleem","middleName":"Emmerich","lastName":"Tubble","mobileNo":"0831906758","img":"http://dummyimage.com/122x100.png/dddddd/000000"},
{"_id":32,"firstName":"Maressa","middleName":"Alon","lastName":"McEntagart","mobileNo":"1268068004","img":"http://dummyimage.com/129x100.png/5fa2dd/ffffff"},
{"_id":33,"firstName":"Karlen","middleName":"Ken","lastName":"Signorelli","mobileNo":"2864445786","img":"http://dummyimage.com/179x100.png/cc0000/ffffff"},
{"_id":34,"firstName":"Pate","middleName":"Alfredo","lastName":"Pie","mobileNo":"9004594167","img":"http://dummyimage.com/239x100.png/cc0000/ffffff"},
{"_id":35,"firstName":"Benjie","middleName":"Wolfy","lastName":"Heijnen","mobileNo":"1423733118","img":"http://dummyimage.com/143x100.png/ff4444/ffffff"},
{"_id":36,"firstName":"Kellia","middleName":"Zedekiah","lastName":"Dabels","mobileNo":"9448701659","img":"http://dummyimage.com/235x100.png/ff4444/ffffff"},
{"_id":37,"firstName":"Bentlee","middleName":"Xymenes","lastName":"Drysdell","mobileNo":"4415318010","img":"http://dummyimage.com/193x100.png/dddddd/000000"},
{"_id":38,"firstName":"Appolonia","middleName":"Nealy","lastName":"Preshaw","mobileNo":"6983166671","img":"http://dummyimage.com/132x100.png/cc0000/ffffff"},
{"_id":39,"firstName":"Starlene","middleName":"Fraser","lastName":"Summerley","mobileNo":"7904153955","img":"http://dummyimage.com/250x100.png/ff4444/ffffff"},
{"_id":40,"firstName":"Gilly","middleName":"Melvin","lastName":"Bruyett","mobileNo":"9885038817","img":"http://dummyimage.com/116x100.png/dddddd/000000"},
{"_id":41,"firstName":"Alberto","middleName":"Leonidas","lastName":"Corradengo","mobileNo":"2231187744","img":"http://dummyimage.com/176x100.png/cc0000/ffffff"},
{"_id":42,"firstName":"Carlin","middleName":"Hayden","lastName":"Tearney","mobileNo":"2593174501","img":"http://dummyimage.com/166x100.png/ff4444/ffffff"},
{"_id":43,"firstName":"Gaile","middleName":"Currey","lastName":"Huxton","mobileNo":"7139351732","img":"http://dummyimage.com/167x100.png/ff4444/ffffff"},
{"_id":44,"firstName":"Charmaine","middleName":"Gino","lastName":"Leddie","mobileNo":"3300284910","img":"http://dummyimage.com/112x100.png/5fa2dd/ffffff"},
{"_id":45,"firstName":"Jonie","middleName":"Flynn","lastName":"Ceresa","mobileNo":"2828973506","img":"http://dummyimage.com/178x100.png/cc0000/ffffff"},
{"_id":46,"firstName":"Vicki","middleName":"Hamilton","lastName":"Niezen","mobileNo":"2481360400","img":"http://dummyimage.com/127x100.png/5fa2dd/ffffff"},
{"_id":47,"firstName":"Aguste","middleName":"Abby","lastName":"Killbey","mobileNo":"6155940320","img":"http://dummyimage.com/105x100.png/ff4444/ffffff"},
{"_id":48,"firstName":"Florina","middleName":"Goran","lastName":"MacDearmont","mobileNo":"2240990341","img":"http://dummyimage.com/233x100.png/ff4444/ffffff"},
{"_id":49,"firstName":"Jilly","middleName":"Hoebart","lastName":"Oolahan","mobileNo":"3396326970","img":"http://dummyimage.com/196x100.png/ff4444/ffffff"},
{"_id":50,"firstName":"Malissa","middleName":"Ogdan","lastName":"Swindall","mobileNo":"0474125971","img":"http://dummyimage.com/217x100.png/cc0000/ffffff"}]